Player_Game_Key,Player ID,Game Key,Country Key,Team Key,Snapshot Date Key,Total Player Prize (USD),Total Team Prize (USD),Total Team Tournaments
1,1000,10,C_117,T_001,20240508,"$509,771.79 ","$3,105,000.00 ",7
2,1001,10,C_117,T_001,20190629,"$288,225.07 ","$1,591,136.50 ",13
3,1002,10,C_117,T_001,20161203,"$404,994.83 ","$1,572,618.50 ",18
4,1003,10,C_117,T_001,20191209,"$451,943.24 ","$1,186,278.50 ",15
5,1004,10,C_117,T_001,20220718,"$212,397.14 ","$1,130,000.00 ",6
6,1007,10,C_117,T_001,20151222,"$407,169.17 ","$950,000.00 ",4
7,1009,10,C_117,T_001,20240105,"$114,305.31 ","$755,000.00 ",5
8,1011,10,C_117,T_001,20240927,"$109,440.09 ","$709,605.19 ",13
9,1014,6,C_117,T_001,20161206,"$239,311.62 ","$596,098.00 ",9
10,1017,10,C_117,T_001,20230111,"$415,145.07 ","$535,000.00 ",6
11,1018,10,C_117,T_001,20240807,"$93,775.14 ","$3,130,012.06 ",197
12,1020,10,C_037,T_001,20241127,"$148,758.87 ","$425,000.00 ",3
13,1024,10,C_117,T_001,20240110,"$133,917.25 ","$420,808.84 ",19
14,1025,10,C_117,T_001,20201021,"$288,257.14 ","$320,633.66 ",10
15,1029,10,C_117,T_001,20190409,"$108,009.18 ","$288,606.00 ",7
16,1030,10,C_117,T_016,20210911,"$265,914.84 ","$262,117.51 ",10
17,1033,10,C_117,T_016,20211025,"$204,079.55 ","$250,000.00 ",1
18,1034,10,C_117,T_001,20240820,"$94,907.10 ","$531,610.45 ",65
19,1036,10,C_117,T_002,20210330,"$93,866.46 ","$224,542.69 ",13
20,1037,10,C_117,T_003,20150211,"$102,860.50 ","$212,672.50 ",8
21,1049,6,C_117,T_004,20150210,"$164,811.62 ","$1,105,418.42 ",92
22,1052,10,C_117,T_005,20230817,"$183,568.96 ","$10,852,395.33 ",124
23,1057,10,C_117,T_006,20230331,"$289,675.08 ","$161,534.00 ",2
24,1061,10,C_117,T_007,20230224,"$303,679.63 ","$391,643.70 ",11
25,1064,10,C_117,T_008,20150206,"$227,008.15 ","$2,386,592.34 ",209
26,1070,10,C_117,T_009,20180720,"$92,282.22 ","$148,594.21 ",7
27,1076,10,C_045,T_010,20240112,"$141,662.54 ","$277,970.45 ",26
28,1080,10,C_117,T_011,20200228,"$141,938.84 ","$8,302,824.92 ",504
29,1081,10,C_117,T_012,20170316,"$103,798.04 ","$132,105.66 ",7
30,1082,10,C_117,T_013,20220401,"$84,119.07 ","$126,172.00 ",4
31,1086,10,C_117,T_014,20241126,"$261,892.87 ","$3,152,020.42 ",168
32,1091,6,C_117,T_015,20160206,"$128,659.74 ","$449,296.84 ",44
33,1094,10,C_217,T_016,20170805,"$177,659.71 ","$1,203,830.02 ",265
34,1100,5,C_217,T_017,20161004,"$47,973.61 ","$98,604.83 ",13
35,1120,6,C_117,T_018,20201005,"$63,405.80 ","$914,954.52 ",53
36,1123,10,C_217,T_019,20150706,"$102,682.90 ","$12,660,736.30 ",247
37,1126,10,C_117,T_020,20190815,"$886,795.83 ","$91,600.00 ",3
38,1129,10,C_117,T_021,20240710,"$147,378.95 ","$4,142,726.09 ",50
39,1132,10,C_117,T_022,20220420,"$427,239.54 ","$86,250.00 ",3
40,1134,6,C_117,T_023,20230210,"$93,131.84 ","$1,494,072.64 ",82
41,1135,10,C_117,T_024,20210601,"$94,856.43 ","$80,797.99 ",10
42,1158,10,C_075,T_025,20231124,"$304,291.61 ","$80,000.00 ",3
43,1163,6,C_241,T_026,20190127,"$67,720.00 ","$242,449.95 ",13
44,1165,10,C_084,T_027,20160206,"$115,102.67 ","$308,638.25 ",15
45,1174,10,C_117,T_028,20180915,"$143,862.24 ","$130,000.00 ",8
46,1175,3,C_139,T_029,20170608,"$377,144.16 ","$418,916.44 ",16
47,1219,4,C_241,T_030,20150706,"$142,413.56 ","$134,525.00 ",10
48,1225,10,C_178,T_031,20200626,"$218,911.98 ","$198,883.40 ",9
49,1227,10,C_178,T_032,20220620,"$371,725.19 ","$7,235,373.73 ",226
50,1233,10,C_084,T_033,20170405,"$84,794.99 ","$6,208,748.66 ",485
51,1233,6,C_084,T_034,20180614,"$110,050.76 ","$72,000.00 ",6
52,1236,10,C_044,T_035,20150602,"$125,173.05 ","$11,515,644.56 ",493
53,1239,10,C_044,T_036,20150420,"$134,300.51 ","$64,500.00 ",3
54,1244,5,C_241,T_037,20191116,"$106,314.27 ","$13,000,709.75 ",591
55,1257,10,C_165,T_038,20210924,"$372,788.71 ","$64,500.00 ",6
56,1280,10,C_210,T_039,20161019,"$100,271.58 ","$73,025.00 ",10
57,1285,10,C_233,T_040,20240822,"$127,688.41 ","$86,500.00 ",10
58,1297,1,C_117,T_041,20190608,"$31,489.38 ","$54,400.00 ",3
59,1352,6,C_044,T_042,20161125,"$88,040.91 ","$759,830.17 ",29
60,1426,10,C_117,T_043,20241105,"$233,783.91 ","$258,771.81 ",18
61,1429,10,C_117,T_044,20240309,"$475,900.67 ","$1,235,976.36 ",13
62,1430,10,C_044,T_045,20221018,"$111,540.17 ","$47,500.00 ",2
63,1484,2,C_178,T_046,20150516,"$591,510.89 ","$117,425.00 ",10
64,1485,2,C_178,T_047,20230322,"$606,880.52 ","$75,125.00 ",9
65,1488,2,C_178,T_048,20180904,"$577,382.35 ","$273,000.00 ",8
66,1490,2,C_217,T_049,20190416,"$547,205.97 ","$338,715.00 ",120
67,1492,2,C_217,T_050,20220314,"$517,888.39 ","$45,335.36 ",7
68,1494,2,C_186,T_051,20160729,"$307,601.25 ","$44,988.63 ",29
69,1505,10,C_117,T_052,20180807,"$90,152.64 ","$4,740,954.00 ",290
70,1507,10,C_117,T_053,20160630,"$224,833.53 ","$1,844,739.68 ",143
71,1510,2,C_233,T_054,20181228,"$613,854.60 ","$87,625.00 ",6
72,1511,2,C_233,T_055,20210212,"$689,568.70 ","$272,400.00 ",9
73,1853,7,C_241,T_056,20240703,"$306,475.81 ","$33,095,692.87 ",1296
74,1861,7,C_075,T_057,20200808,"$183,976.33 ","$174,769.37 ",18
75,1863,7,C_075,T_058,20240926,"$422,314.79 ","$275,132.94 ",109
76,1892,7,C_210,T_059,20220311,"$166,127.40 ","$4,123,263.69 ",274
77,1949,3,C_203,T_060,20221013,"$1,553,261.96 ","$2,706,945.61 ",396
78,2221,10,C_117,T_061,20201118,"$147,459.89 ","$63,500.00 ",7
79,2224,10,C_117,T_062,20221126,"$673,162.61 ","$51,625.00 ",7
80,2230,10,C_117,T_063,20180905,"$153,116.49 ","$86,400.00 ",8
81,2236,10,C_117,T_064,20210624,"$631,829.71 ","$588,042.66 ",46
82,2268,10,C_117,T_065,20221031,"$762,437.00 ","$48,625.00 ",6
83,2271,10,C_117,T_066,20230625,"$479,324.03 ","$29,000.00 ",3
84,2272,10,C_117,T_067,20190724,"$628,026.10 ","$57,000.00 ",8
85,2274,10,C_117,T_068,20201226,"$243,027.72 ","$44,500.00 ",6
86,2280,10,C_037,T_069,20210507,"$388,919.99 ","$66,000.00 ",6
87,2339,8,C_217,T_070,20220730,"$56,549.85 ","$28,450.00 ",2
88,2440,2,C_217,T_071,20230620,"$513,805.74 ","$2,044,714.44 ",109
89,2450,2,C_073,T_072,20241119,"$418,492.59 ","$632,602.77 ",39
90,2452,2,C_060,T_073,20181127,"$964,635.39 ","$171,135.34 ",44
91,2455,2,C_025,T_074,20180518,"$1,059,938.92 ","$959,732.15 ",144
92,2456,2,C_025,T_075,20240509,"$387,551.81 ","$139,837.85 ",30
93,2484,2,C_241,T_076,20211028,"$239,956.42 ","$350,689.91 ",29
94,2494,2,C_217,T_077,20200408,"$361,678.02 ","$41,025.00 ",6
95,2529,2,C_075,T_078,20171203,"$272,602.00 ","$14,072,159.40 ",196
96,2574,3,C_233,T_079,20220414,"$801,915.23 ","$1,526,840.42 ",59
97,2576,3,C_233,T_080,20211001,"$661,271.48 ","$76,502.36 ",44
98,2578,3,C_068,T_081,20200306,"$2,864,004.17 ","$20,200.00 ",1
99,2581,3,C_044,T_082,20211128,"$1,100,271.44 ","$1,648,612.61 ",118
100,2582,3,C_044,T_083,20170720,"$1,348,804.67 ","$51,500.00 ",5
101,2589,3,C_060,T_084,20170723,"$1,484,921.92 ","$2,765,126.58 ",411
102,2594,3,C_044,T_085,20180925,"$1,202,225.88 ","$8,882,386.40 ",196
103,2596,3,C_044,T_086,20171013,"$1,830,094.33 ","$1,266,368.72 ",164
104,2598,3,C_129,T_087,20240320,"$1,337,308.37 ","$1,110,674.26 ",154
105,2610,3,C_241,T_088,20191025,"$2,551,657.34 ","$2,107,648.70 ",178
106,2615,3,C_241,T_089,20230618,"$3,057,237.67 ","$2,011,722.25 ",131
107,2620,6,C_151,T_090,20201028,"$150,578.81 ","$21,662,171.52 ",392
108,2749,7,C_117,T_091,20240330,"$553,234.20 ","$1,358,421.07 ",451
109,2762,7,C_117,T_092,20210509,"$515,306.14 ","$1,100,491.54 ",218
110,2775,10,C_044,T_093,20200316,"$142,369.56 ","$635,241.44 ",195
111,2795,10,C_217,T_094,20170201,"$83,622.52 ","$694,629.68 ",628
112,2805,6,C_241,T_095,20171020,"$94,813.80 ","$588,109.65 ",467
113,2811,3,C_075,T_096,20150428,"$5,554,297.41 ","$4,083,402.16 ",690
114,2833,10,C_044,T_097,20180802,"$81,795.94 ","$491,264.06 ",145
115,2890,10,C_117,T_098,20190604,"$89,725.40 ","$617,895.35 ",414
116,2989,7,C_037,T_099,20220119,"$182,066.13 ","$456,814.74 ",77
117,2992,7,C_176,T_100,20191122,"$260,170.90 ","$649,818.26 ",239
118,3041,10,C_117,T_101,20160526,"$236,690.51 ","$847,911.86 ",112
119,3042,10,C_117,T_102,20180619,"$341,093.28 ","$419,733.17 ",488
120,3091,10,C_060,T_103,20160923,"$84,195.98 ","$401,781.95 ",186
121,3140,3,C_217,T_104,20210625,"$643,143.08 ","$396,182.42 ",142
122,3141,3,C_217,T_105,20221216,"$698,363.52 ","$383,967.89 ",96
123,3145,3,C_084,T_106,20171015,"$5,193,382.81 ","$356,939.13 ",98
124,3146,3,C_044,T_107,20220421,"$1,755,205.74 ","$342,724.34 ",24
125,3147,3,C_044,T_108,20231224,"$1,386,339.43 ","$257,868.69 ",25
126,3151,3,C_132,T_109,20200811,"$1,023,582.18 ","$253,404.17 ",74
127,3157,3,C_044,T_110,20150124,"$865,656.21 ","$239,973.64 ",65
128,3160,3,C_044,T_111,20210116,"$780,761.31 ","$241,495.97 ",101
129,3161,3,C_044,T_112,20161106,"$1,598,492.49 ","$594,517.09 ",269
130,3163,3,C_044,T_113,20210502,"$1,212,757.14 ","$2,858,672.19 ",445
131,3164,3,C_044,T_114,20210326,"$1,186,002.61 ","$3,643,236.11 ",264
132,3167,3,C_132,T_115,20240816,"$714,049.53 ","$176,342.72 ",109
133,3168,3,C_044,T_116,20210218,"$1,745,944.26 ","$855,000.00 ",10
134,3176,7,C_117,T_117,20230104,"$374,778.08 ","$166,770.55 ",23
135,3177,7,C_117,T_118,20221030,"$184,100.69 ","$2,213,203.68 ",397
136,3178,7,C_117,T_119,20200309,"$185,512.99 ","$480,636.97 ",112
137,3255,5,C_241,T_120,20240131,"$50,449.60 ","$551,164.03 ",46
138,3256,3,C_037,T_121,20241003,"$2,006,311.11 ","$151,451.32 ",96
139,3287,2,C_217,T_122,20210911,"$407,662.41 ","$137,582.67 ",91
140,3289,2,C_075,T_123,20161012,"$713,086.68 ","$132,577.26 ",254
141,3290,2,C_075,T_124,20180105,"$805,444.66 ","$233,044.98 ",77
142,3291,2,C_075,T_125,20151217,"$269,446.78 ","$140,815.65 ",25
143,3293,2,C_075,T_126,20211002,"$498,887.62 ","$128,727.50 ",58
144,3304,3,C_060,T_127,20230319,"$6,952,596.58 ","$119,710.33 ",80
145,3305,3,C_108,T_128,20241115,"$2,381,155.91 ","$117,357.81 ",190
146,3371,7,C_045,T_129,20150602,"$225,522.01 ","$547,532.87 ",289
147,3372,7,C_045,T_130,20170608,"$217,429.72 ","$133,452.49 ",94
148,3373,7,C_100,T_131,20170914,"$224,722.01 ","$105,866.02 ",38
149,3374,7,C_045,T_132,20231025,"$286,115.32 ","$102,207.62 ",49
150,3375,7,C_045,T_133,20160826,"$216,539.83 ","$100,985.11 ",174
151,3384,7,C_044,T_134,20161102,"$191,889.12 ","$99,897.23 ",125
152,3386,7,C_044,T_135,20180314,"$471,086.78 ","$99,817.22 ",147
153,3387,7,C_044,T_136,20201015,"$164,821.18 ","$99,294.24 ",99
154,3435,10,C_117,T_137,20170711,"$280,334.78 ","$97,841.40 ",51
155,3441,10,C_117,T_138,20151009,"$93,903.11 ","$95,798.79 ",46
156,3481,10,C_117,T_139,20170122,"$616,412.36 ","$154,260.00 ",102
157,3482,8,C_075,T_140,20180925,"$54,391.23 ","$5,328,531.70 ",169
158,3512,7,C_117,T_141,20200630,"$281,150.19 ","$296,076.83 ",170
159,3513,7,C_117,T_142,20190702,"$318,379.81 ","$75,389.00 ",79
160,3518,10,C_084,T_143,20211006,"$167,442.47 ","$68,732.28 ",23
161,3521,10,C_117,T_144,20171010,"$111,579.95 ","$105,042.52 ",49
162,3522,3,C_037,T_145,20240107,"$987,072.69 ","$65,750.44 ",129
163,3523,3,C_217,T_146,20210922,"$638,938.79 ","$195,470.53 ",89
164,3524,3,C_217,T_147,20200225,"$2,545,626.14 ","$62,239.12 ",198
165,3554,7,C_217,T_148,20160122,"$438,830.14 ","$59,654.91 ",59
166,3555,7,C_060,T_149,20190717,"$257,257.41 ","$58,132.79 ",64
167,3556,7,C_060,T_150,20240608,"$250,222.70 ","$840,640.01 ",102
168,3576,2,C_217,T_151,20150617,"$260,721.09 ","$53,962.44 ",64
169,3586,3,C_034,T_152,20190310,"$591,271.39 ","$52,647.06 ",18
170,3591,4,C_241,T_153,20230820,"$217,500.00 ","$52,604.36 ",84
171,3613,6,C_151,T_154,20231126,"$109,736.18 ","$51,720.23 ",58
172,3616,10,C_117,T_155,20200515,"$114,416.73 ","$50,391.62 ",23
173,3620,10,C_117,T_156,20230214,"$794,627.39 ","$50,152.29 ",31
174,3634,7,C_117,T_157,20201202,"$229,438.65 ","$48,592.10 ",39
175,3636,7,C_117,T_158,20190310,"$915,451.46 ","$49,260.38 ",52
176,3651,10,C_117,T_159,20150911,"$189,776.99 ","$722,000.01 ",42
177,3655,10,C_117,T_160,20171223,"$96,034.27 ","$381,499.73 ",136
178,3657,10,C_117,T_161,20201016,"$363,307.59 ","$41,744.11 ",42
179,3664,7,C_117,T_162,20210416,"$300,818.81 ","$41,089.28 ",72
180,3672,2,C_060,T_163,20200226,"$1,652,350.75 ","$37,175.72 ",68
181,3673,2,C_060,T_164,20180228,"$349,557.33 ","$36,071.09 ",39
182,3676,2,C_121,T_165,20240613,"$414,305.65 ","$34,319.75 ",7
183,3678,2,C_018,T_166,20200123,"$249,663.46 ","$34,211.12 ",28
184,3679,2,C_060,T_167,20240328,"$1,799,288.57 ","$31,870.64 ",44
185,3690,3,C_084,T_168,20170219,"$1,314,968.82 ","$64,449.32 ",63
186,3724,3,C_217,T_169,20170520,"$679,039.12 ","$4,892,106.31 ",76
187,3742,10,C_037,T_170,20200524,"$132,306.10 ","$3,372,484.25 ",96
188,3752,2,C_241,T_171,20180106,"$437,479.98 ","$5,538,074.45 ",255
189,3769,7,C_241,T_172,20201124,"$282,456.48 ","$4,642,125.93 ",275
190,3773,3,C_186,T_173,20170217,"$1,778,125.61 ","$1,529,565.39 ",24
191,3811,10,C_084,T_174,20160301,"$282,135.93 ","$1,442,398.84 ",19
192,3813,3,C_044,T_175,20180703,"$1,271,085.00 ","$1,024,395.86 ",9
193,3818,10,C_241,T_176,20181213,"$523,847.63 ","$1,121,931.90 ",17
194,3822,3,C_073,T_177,20191204,"$6,470,000.02 ","$3,491,247.74 ",175
195,3830,7,C_117,T_178,20160426,"$533,979.52 ","$873,905.84 ",11
196,3831,7,C_117,T_179,20230528,"$810,683.00 ","$836,118.08 ",10
197,3832,7,C_117,T_180,20211027,"$1,257,615.87 ","$873,569.63 ",20
198,3833,7,C_117,T_181,20240723,"$265,429.15 ","$616,799.21 ",35
199,3834,7,C_117,T_182,20161122,"$256,771.39 ","$597,032.96 ",20
200,3836,7,C_117,T_183,20181123,"$913,084.70 ","$3,104,952.52 ",172
201,3842,7,C_117,T_184,20190329,"$249,497.86 ","$602,343.44 ",10
202,3843,7,C_117,T_185,20170610,"$409,144.64 ","$420,582.91 ",15
203,3859,7,C_210,T_186,20170816,"$252,718.89 ","$385,930.36 ",47
204,3875,2,C_217,T_187,20210920,"$897,760.68 ","$413,335.61 ",20
205,3878,2,C_217,T_188,20161010,"$877,668.95 ","$347,907.81 ",7
206,3881,2,C_075,T_189,20150310,"$660,640.55 ","$423,942.26 ",17
207,3882,2,C_233,T_190,20180417,"$798,520.80 ","$343,535.06 ",14
208,3883,2,C_060,T_191,20180504,"$1,822,989.41 ","$404,817.10 ",51
209,3885,2,C_060,T_192,20230713,"$1,787,489.88 ","$335,703.20 ",5
210,3888,2,C_075,T_193,20200317,"$814,852.39 ","$927,510.24 ",161
211,3889,2,C_075,T_194,20181228,"$485,910.46 ","$2,227,078.23 ",125
212,3946,3,C_233,T_195,20240731,"$1,460,470.75 ","$252,500.00 ",2
213,3948,4,C_056,T_196,20180715,"$176,598.27 ","$238,702.50 ",3
214,3951,2,C_151,T_197,20180911,"$596,748.79 ","$494,328.14 ",68
215,3952,2,C_084,T_198,20230409,"$247,248.57 ","$2,625,388.68 ",55
216,3998,2,C_075,T_199,20210429,"$378,500.99 ","$283,355.09 ",65
217,4027,3,C_217,T_200,20160722,"$989,390.86 ","$220,250.00 ",8
218,4028,3,C_037,T_201,20210401,"$2,257,053.21 ","$211,740.90 ",28
219,4030,3,C_044,T_202,20200925,"$1,402,208.92 ","$207,984.52 ",17
220,4033,3,C_044,T_203,20200108,"$2,894,690.34 ","$976,350.82 ",65
221,4038,7,C_044,T_204,20170324,"$545,447.56 ","$201,934.86 ",25
222,4070,10,C_117,T_205,20211026,"$883,148.24 ","$233,992.13 ",71
223,4311,2,C_241,T_206,20190803,"$586,616.00 ","$198,769.35 ",14
224,4469,7,C_117,T_207,20160608,"$329,318.02 ","$309,996.14 ",81
225,4473,7,C_117,T_208,20230527,"$267,646.88 ","$193,302.00 ",5
226,4509,7,C_117,T_209,20240427,"$440,580.94 ","$1,196,707.16 ",114
227,4574,10,C_075,T_210,20231218,"$86,634.27 ","$186,871.49 ",23
228,4584,7,C_178,T_211,20160727,"$403,320.75 ","$184,012.05 ",16
229,4587,2,C_186,T_212,20190306,"$339,091.34 ","$344,905.80 ",9
230,4629,7,C_117,T_213,20170318,"$346,307.48 ","$833,556.43 ",24
231,4632,7,C_045,T_214,20150908,"$240,437.63 ","$1,174,658.70 ",14
232,4634,7,C_045,T_215,20150205,"$337,163.36 ","$154,778.03 ",8
233,4674,10,C_117,T_216,20160819,"$558,114.07 ","$152,173.93 ",9
234,4712,10,C_117,T_217,20211230,"$97,741.11 ","$150,220.76 ",29
235,4742,8,C_075,T_218,20190606,"$90,428.77 ","$146,609.80 ",5
236,4747,8,C_075,T_219,20190212,"$54,391.23 ","$982,096.21 ",112
237,4883,3,C_117,T_220,20240917,"$591,176.77 ","$130,240.11 ",31
238,4885,3,C_117,T_221,20211005,"$602,221.88 ","$129,837.01 ",22
239,4888,3,C_117,T_222,20150726,"$591,322.79 ","$129,499.39 ",4
240,4977,10,C_117,T_223,20150706,"$155,836.32 ","$222,789.10 ",61
241,4996,2,C_060,T_224,20160214,"$417,465.86 ","$119,837.07 ",26
242,4997,2,C_178,T_225,20200719,"$574,103.56 ","$229,295.65 ",98
243,4998,2,C_178,T_226,20160527,"$653,938.44 ","$110,031.24 ",7
244,5000,2,C_217,T_227,20180615,"$867,823.34 ","$229,690.65 ",24
245,5001,2,C_217,T_228,20160115,"$880,011.52 ","$109,112.01 ",8
246,5035,2,C_060,T_229,20160608,"$332,671.67 ","$113,542.91 ",33
247,5194,3,C_241,T_230,20210613,"$2,995,619.62 ","$4,170,139.00 ",45
248,5195,3,C_217,T_231,20230612,"$2,504,134.31 ","$3,299,864.26 ",27
249,5221,9,C_176,T_232,20221210,"$798,597.31 ","$3,196,016.68 ",37
250,5238,8,C_210,T_233,20230806,"$67,619.01 ","$1,355,092.35 ",22
251,5420,10,C_045,T_234,20191217,"$148,558.05 ","$1,000,950.00 ",4
252,5433,2,C_233,T_235,20150220,"$305,655.12 ","$712,075.89 ",17
253,5472,2,C_058,T_236,20181012,"$335,508.19 ","$709,300.00 ",5
254,5483,2,C_165,T_237,20170731,"$763,799.57 ","$764,187.58 ",62
255,5499,2,C_073,T_238,20200619,"$326,080.00 ","$586,429.44 ",44
256,5513,10,C_073,T_239,20160430,"$893,336.55 ","$522,100.00 ",31
257,5783,2,C_022,T_240,20160912,"$762,802.56 ","$14,393,878.63 ",335
258,5812,1,C_221,T_241,20170830,"$135,749.99 ","$262,500.00 ",1
259,6013,7,C_117,T_242,20180914,"$610,445.70 ","$242,330.00 ",24
260,6017,7,C_117,T_243,20160325,"$266,509.03 ","$11,688,870.47 ",104
261,6023,6,C_117,T_244,20150618,"$85,836.53 ","$1,102,385.89 ",115
262,6058,7,C_044,T_245,20151223,"$206,587.79 ","$180,275.55 ",9
263,6066,6,C_241,T_246,20200111,"$73,072.60 ","$160,041.00 ",3
264,6132,7,C_060,T_247,20230102,"$250,580.01 ","$154,396.60 ",18
265,6180,10,C_025,T_248,20180502,"$158,091.74 ","$150,000.00 ",2
266,6466,7,C_117,T_249,20210531,"$954,620.62 ","$130,900.00 ",4
267,6472,7,C_117,T_250,20201203,"$189,265.81 ","$117,150.00 ",22
268,6474,7,C_117,T_251,20150528,"$219,660.30 ","$113,230.00 ",3
269,6565,6,C_044,T_252,20241112,"$112,337.16 ","$111,808.94 ",20
270,6633,7,C_217,T_253,20191105,"$160,818.80 ","$9,607,919.28 ",348
271,7139,5,C_241,T_254,20201110,"$72,637.50 ","$1,648,213.74 ",191
272,7208,6,C_044,T_255,20170131,"$87,834.52 ","$100,000.00 ",2
273,7398,5,C_084,T_256,20230312,"$60,165.48 ","$1,051,939.34 ",91
274,7400,5,C_073,T_257,20171222,"$50,734.44 ","$62,333.34 ",3
275,7405,6,C_236,T_258,20210711,"$120,263.57 ","$59,506.41 ",9
276,7517,5,C_151,T_259,20220803,"$491,418.66 ","$59,100.00 ",10
277,7520,5,C_217,T_260,20170104,"$153,199.92 ","$54,837.60 ",5
278,7525,5,C_084,T_261,20191124,"$156,103.11 ","$50,650.00 ",2
279,7789,,C_210,T_262,20160403,"$247,538.65 ","$50,400.00 ",2
280,7891,10,C_084,T_263,20241211,"$96,604.30 ","$50,300.00 ",2
281,7992,10,C_075,T_264,20150604,"$91,850.98 ","$947,813.10 ",61
282,7995,10,C_044,T_265,20220602,"$172,891.85 ","$149,060.07 ",12
283,7999,10,C_117,T_266,20240813,"$149,003.23 ","$75,000.00 ",3
284,8168,,C_186,T_267,20221221,"$732,920.07 ","$292,338.80 ",66
285,8169,,C_233,T_268,20150813,"$677,155.31 ","$44,080.00 ",23
286,8321,5,C_084,T_269,20151231,"$51,059.59 ","$35,633.32 ",5
287,8376,5,C_100,T_270,20230409,"$62,704.15 ","$31,000.00 ",3
288,8377,5,C_185,T_271,20240614,"$204,049.56 ","$593,356.14 ",84
289,8570,10,C_075,T_272,20170801,"$130,550.93 ","$2,680,415.25 ",96
290,8635,,C_241,T_273,20191030,"$920,151.73 ","$23,200.00 ",5
291,8651,7,C_031,T_274,20180103,"$325,910.24 ","$163,725.05 ",17
292,8706,7,C_060,T_275,20230720,"$265,283.06 ","$14,650.00 ",5
293,8770,7,C_044,T_276,20190209,"$260,755.41 ","$12,750.00 ",8
294,8924,7,C_055,T_277,20150303,"$471,280.47 ","$11,850.96 ",11
295,8931,7,C_117,T_278,20241114,"$232,418.28 ","$10,000.00 ",1
296,8936,7,C_117,T_279,20221214,"$165,169.85 ","$120,512.34 ",46
297,8968,,C_178,T_280,20200506,"$244,070.27 ","$7,400.00 ",8
298,9514,3,C_060,T_281,20150129,"$734,369.52 ","$6,300.00 ",4
299,9515,3,C_060,T_282,20200910,"$2,007,841.60 ","$5,739.24 ",6
300,9565,,C_075,T_283,20170205,"$306,178.43 ","$5,625.80 ",3
301,9839,3,C_037,T_284,20211122,"$845,345.40 ","$5,000.00 ",1
302,9840,6,C_241,T_285,20240628,"$51,453.40 ","$4,500.00 ",3
303,9886,5,C_233,T_286,20150927,"$273,654.46 ","$193,645.00 ",25
304,9916,1,C_221,T_287,20200831,"$47,549.95 ","$3,850.00 ",6
305,10074,3,C_044,T_288,20210309,"$601,854.15 ","$1,184,642.25 ",129
306,10080,3,C_044,T_289,20240425,"$1,787,083.53 ","$3,000.00 ",1
307,10134,,C_178,T_290,20160410,"$234,332.17 ","$2,922.34 ",3
308,10188,3,C_044,T_291,20160519,"$2,984,982.14 ","$6,375.00 ",13
309,10191,,C_113,T_292,20241219,"$273,859.49 ","$2,128.81 ",3
310,10294,,C_236,T_293,20160911,"$245,208.72 ","$2,000.00 ",1
311,10470,7,C_060,T_294,20170219,"$336,306.24 ","$1,200.00 ",1
312,10605,5,C_117,T_295,20220114,"$316,781.57 ","$8,503,918.81 ",95
313,10627,,C_037,T_296,20160526,"$260,797.63 ","$1,499,032.09 ",58
314,10629,,C_037,T_297,20151120,"$982,765.66 ","$1,232,487.93 ",104
315,10630,,C_241,T_298,20160325,"$780,039.21 ","$1,199,410.05 ",71
316,10711,3,C_044,T_299,20200222,"$1,960,956.47 ","$1,111,397.85 ",76
317,10712,3,C_044,T_300,20220531,"$2,097,095.28 ","$761,284.20 ",79
318,10718,3,C_044,T_301,20170929,"$705,536.20 ","$760,687.53 ",75
319,10722,3,C_044,T_302,20230527,"$1,221,917.10 ","$849,469.01 ",67
320,10736,,C_060,T_303,20150615,"$617,000.50 ","$539,867.08 ",111
321,10750,8,C_073,T_304,20240412,"$70,255.34 ","$34,297,886.13 ",83
322,10925,7,C_117,T_305,20231008,"$556,087.84 ","$676,856.17 ",79
323,10950,5,C_084,T_306,20210622,"$136,530.19 ","$474,262.55 ",60
324,10995,1,C_221,T_307,20230211,"$98,723.19 ","$1,066,972.11 ",128
325,11132,5,C_045,T_308,20211221,"$442,877.87 ","$450,547.34 ",51
326,11154,7,C_045,T_309,20151125,"$538,926.12 ","$328,749.05 ",40
327,11221,9,C_044,T_310,20160518,"$164,612.66 ","$4,866,463.00 ",74
328,11233,8,C_236,T_311,20170907,"$98,285.03 ","$327,737.64 ",47
329,11418,10,C_178,T_312,20150105,"$264,095.30 ","$231,652.52 ",39
330,11483,,C_037,T_313,20201204,"$481,487.38 ","$297,625.91 ",95
331,11584,5,C_241,T_314,20210330,"$269,053.10 ","$268,558.05 ",45
332,11589,5,C_233,T_315,20220409,"$121,248.17 ","$166,760.45 ",30
333,11612,7,C_060,T_316,20170321,"$313,654.08 ","$254,446.66 ",42
334,11698,7,C_044,T_317,20231014,"$472,216.01 ","$146,030.98 ",37
335,11722,3,C_233,T_318,20190823,"$917,449.86 ","$155,987.69 ",50
336,11747,6,C_060,T_319,20190514,"$50,545.96 ","$144,519.35 ",39
337,11780,8,C_236,T_320,20240906,"$66,306.23 ","$140,221.04 ",33
338,11788,,C_241,T_321,20210730,"$930,696.42 ","$137,179.50 ",30
339,11868,3,C_044,T_322,20241101,"$692,327.42 ","$132,489.54 ",78
340,11897,5,C_241,T_323,20241017,"$229,488.39 ","$123,835.60 ",19
341,11920,6,C_217,T_324,20180630,"$180,964.31 ","$117,300.00 ",17
342,11933,7,C_206,T_325,20180121,"$220,292.50 ","$103,339.02 ",22
343,11938,,C_241,T_326,20210322,"$449,799.56 ","$102,568.14 ",19
344,12075,6,C_241,T_327,20190419,"$138,237.16 ","$377,439.16 ",36
345,12083,5,C_044,T_328,20190429,"$59,309.90 ","$96,885.12 ",14
346,12107,5,C_117,T_329,20200929,"$66,730.80 ","$97,062.13 ",44
347,12108,5,C_117,T_330,20211217,"$66,835.51 ","$93,354.62 ",21
348,12110,5,C_044,T_331,20190524,"$165,348.34 ","$92,854.77 ",24
349,12133,3,C_073,T_332,20210427,"$3,765,369.04 ","$92,840.10 ",18
350,12141,5,C_044,T_333,20240415,"$100,759.37 ","$88,000.00 ",24
351,12156,,C_044,T_334,20170224,"$242,273.51 ","$87,185.26 ",16
352,12169,,C_025,T_335,20240303,"$1,063,038.92 ","$86,874.00 ",18
353,12170,,C_025,T_336,20220326,"$256,374.45 ","$86,488.02 ",18
354,12173,,C_025,T_337,20180428,"$323,127.22 ","$86,007.46 ",19
355,12179,,C_025,T_338,20150218,"$382,208.97 ","$9,739,247.35 ",24
356,12182,,C_025,T_339,20180327,"$1,021,901.46 ","$9,066,946.69 ",27
357,12183,,C_025,T_340,20150915,"$1,063,858.27 ","$4,438,715.42 ",54
358,12186,7,C_117,T_341,20171127,"$483,747.81 ","$3,885,246.08 ",67
359,12241,1,C_221,T_342,20150127,"$25,941.03 ","$3,704,903.32 ",52
360,12389,6,C_084,T_343,20191101,"$102,971.54 ","$2,234,647.17 ",49
361,12396,6,C_084,T_344,20241021,"$65,516.28 ","$1,666,943.43 ",33
362,12466,7,C_060,T_345,20190215,"$458,259.05 ","$1,366,548.60 ",50
363,12579,3,C_031,T_346,20200318,"$4,579,118.16 ","$1,274,656.35 ",36
364,12663,7,C_044,T_347,20181007,"$337,832.12 ","$635,451.91 ",41
365,12671,3,C_044,T_348,20180617,"$1,081,544.74 ","$544,089.37 ",13
366,12672,3,C_044,T_349,20150609,"$871,452.21 ","$500,124.00 ",13
367,12784,3,C_132,T_350,20171215,"$781,396.55 ","$491,431.75 ",9
368,12793,5,C_241,T_351,20200116,"$62,454.40 ","$399,432.59 ",25
369,12859,,C_217,T_352,20220609,"$464,499.26 ","$335,161.00 ",15
370,12917,9,C_241,T_353,20221004,"$85,032.94 ","$303,807.43 ",22
371,13080,3,C_185,T_354,20220818,"$2,275,625.58 ","$298,218.19 ",28
372,13134,,C_228,T_355,20150616,"$307,129.97 ","$285,198.43 ",17
373,13185,7,C_044,T_356,20170523,"$198,089.09 ","$284,938.05 ",20
374,13186,7,C_044,T_357,20220825,"$159,402.36 ","$281,033.00 ",10
375,13322,3,C_186,T_358,20190712,"$1,713,179.57 ","$258,600.00 ",12
376,13323,3,C_233,T_359,20240114,"$1,617,323.45 ","$256,201.55 ",15
377,13853,8,C_117,T_360,20211201,"$61,459.02 ","$224,679.00 ",9
378,13882,7,C_044,T_361,20220827,"$360,201.28 ","$219,906.93 ",24
379,13968,5,C_044,T_362,20180526,"$54,320.72 ","$218,550.13 ",2
380,14001,6,C_206,T_363,20200303,"$75,978.57 ","$186,422.00 ",12
381,14011,6,C_236,T_364,20200425,"$134,818.57 ","$169,171.28 ",5
382,14122,6,C_031,T_365,20230317,"$106,462.18 ","$221,121.90 ",8
383,14148,5,C_241,T_366,20221110,"$80,338.22 ","$164,350.00 ",17
384,14151,5,C_217,T_367,20180306,"$291,115.88 ","$160,922.77 ",9
385,14196,3,C_171,T_368,20240229,"$3,608,317.34 ","$156,240.30 ",18
386,14238,3,C_044,T_369,20210920,"$2,002,159.51 ","$152,384.00 ",5
387,14270,5,C_045,T_370,20241210,"$96,719.10 ","$159,600.00 ",4
388,14440,6,C_178,T_371,20210902,"$103,282.92 ","$124,439.09 ",15
389,14528,6,C_241,T_372,20240419,"$77,997.16 ","$116,355.64 ",10
390,14529,6,C_241,T_373,20190217,"$138,297.16 ","$105,298.45 ",8
391,14531,6,C_241,T_374,20241002,"$97,856.20 ","$102,510.00 ",11
392,14540,10,C_044,T_375,20220503,"$90,452.98 ","$101,372.62 ",34
393,14549,5,C_044,T_376,20220501,"$122,179.36 ","$88,584.27 ",9
394,14564,6,C_044,T_377,20220518,"$90,136.72 ","$88,000.00 ",5
395,14568,6,C_044,T_378,20181107,"$86,588.90 ","$428,371.14 ",16
396,14570,6,C_044,T_379,20220404,"$58,569.42 ","$130,117.12 ",8
397,14599,7,C_117,T_380,20160821,"$488,379.08 ","$63,620.13 ",9
398,14665,7,C_117,T_381,20230914,"$347,699.25 ","$62,500.00 ",1
399,14671,3,C_144,T_382,20211025,"$4,798,043.68 ","$62,500.00 ",1
400,14672,3,C_144,T_383,20240927,"$1,533,698.67 ","$59,000.00 ",4
401,14768,9,C_186,T_384,20151216,"$325,558.75 ","$347,056.08 ",63
402,14972,6,C_217,T_385,20170611,"$114,751.80 ","$48,217.23 ",7
403,15015,10,C_109,T_386,20170204,"$298,622.85 ","$47,592.00 ",16
404,15114,5,C_241,T_387,20151216,"$110,141.67 ","$78,498.45 ",20
405,15426,6,C_241,T_388,20160731,"$149,291.76 ","$82,700.00 ",14
406,15428,6,C_241,T_389,20201224,"$73,817.60 ","$37,194.00 ",2
407,15431,6,C_241,T_390,20221229,"$89,529.34 ","$104,746.67 ",13
408,15530,3,C_011,T_391,20220707,"$1,809,225.30 ","$34,277.00 ",8
409,15602,6,C_236,T_392,20200702,"$238,798.57 ","$31,777.08 ",13
410,15615,5,C_113,T_393,20200519,"$79,671.53 ","$31,365.00 ",9
411,15703,5,C_010,T_394,20220603,"$70,750.00 ","$30,438.00 ",6
412,15718,6,C_117,T_395,20210608,"$427,923.28 ","$680,073.68 ",28
413,15724,6,C_117,T_396,20240422,"$353,715.98 ","$664,126.73 ",23
414,15735,6,C_084,T_397,20200528,"$105,541.20 ","$366,375.50 ",9
415,15748,6,C_217,T_398,20240714,"$187,978.31 ","$340,077.96 ",13
416,15750,6,C_031,T_399,20210927,"$93,149.29 ","$322,800.00 ",9
417,15751,6,C_217,T_400,20160905,"$191,647.23 ","$251,280.60 ",3
418,15754,3,C_044,T_401,20240524,"$653,514.33 ","$385,728.20 ",12
419,15792,7,C_117,T_402,20180616,"$479,060.15 ","$224,963.75 ",14
420,15803,5,C_058,T_403,20200915,"$67,096.88 ","$181,088.75 ",12
421,16021,7,C_117,T_404,20190126,"$330,849.29 ","$177,829.84 ",10
422,16026,5,C_060,T_405,20171104,"$171,767.15 ","$158,853.63 ",13
423,16241,6,C_075,T_406,20211020,"$229,170.87 ","$107,996.41 ",8
424,16252,5,C_241,T_407,20150304,"$167,590.47 ","$105,104.75 ",13
425,16254,5,C_037,T_408,20160508,"$220,418.33 ","$101,776.14 ",5
426,16267,,C_186,T_409,20201023,"$531,541.99 ","$101,258.00 ",4
427,16554,1,C_221,T_410,20210801,"$51,203.24 ","$98,702.56 ",6
428,16556,1,C_221,T_411,20190709,"$54,156.23 ","$98,195.23 ",9
429,16730,6,C_044,T_412,20151014,"$112,170.41 ","$96,000.00 ",5
430,16732,6,C_044,T_413,20230331,"$97,833.37 ","$751,762.88 ",14
431,16733,6,C_044,T_414,20180418,"$122,420.01 ","$82,594.10 ",11
432,16800,,C_241,T_415,20170125,"$1,087,340.00 ","$72,850.00 ",8
433,16814,3,C_186,T_416,20240409,"$1,787,796.92 ","$63,119.42 ",10
434,17101,7,C_044,T_417,20230704,"$507,800.58 ","$60,000.00 ",1
435,17103,7,C_044,T_418,20160826,"$161,938.75 ","$59,316.48 ",11
436,17200,3,C_176,T_419,20221120,"$710,464.63 ","$57,542.40 ",2
437,17263,5,C_044,T_420,20211003,"$69,487.73 ","$55,708.60 ",7
438,17271,5,C_117,T_421,20200922,"$97,479.00 ","$55,000.00 ",4
439,17274,5,C_117,T_422,20171016,"$135,189.54 ","$54,259.38 ",5
440,17402,6,C_044,T_423,20180125,"$75,648.35 ","$50,000.00 ",2
441,17414,6,C_060,T_424,20150718,"$83,962.45 ","$79,476.13 ",10
442,17549,6,C_217,T_425,20210912,"$264,826.14 ","$44,600.00 ",3
443,17550,6,C_055,T_426,20210615,"$72,193.01 ","$312,500.00 ",4
444,17622,,C_075,T_427,20200513,"$233,210.47 ","$42,877.35 ",8
445,17765,3,C_178,T_428,20230123,"$933,853.71 ","$39,200.00 ",4
446,17800,,C_060,T_429,20210107,"$1,416,448.64 ","$35,500.00 ",4
447,17801,,C_060,T_430,20241017,"$323,423.04 ","$34,508.75 ",5
448,17872,3,C_044,T_431,20200325,"$821,961.68 ","$62,885.00 ",17
449,17887,5,C_186,T_432,20170203,"$347,798.00 ","$26,000.00 ",3
450,18220,3,C_241,T_433,20171018,"$822,916.86 ","$25,135.74 ",9
451,18456,1,C_221,T_434,20220426,"$54,159.21 ","$22,312.06 ",9
452,18568,6,C_117,T_435,20240305,"$360,093.52 ","$22,000.00 ",1
453,18569,6,C_117,T_436,20220920,"$123,398.02 ","$22,541.11 ",6
454,18570,6,C_117,T_437,20151228,"$462,790.78 ","$483,601.94 ",43
455,18572,6,C_117,T_438,20181221,"$156,959.11 ","$321,122.23 ",9
456,18573,6,C_117,T_439,20180904,"$184,790.78 ","$204,174.42 ",30
457,18574,6,C_044,T_440,20240724,"$75,380.40 ","$125,255.28 ",9
458,18797,6,C_044,T_441,20221021,"$114,207.06 ","$68,900.00 ",4
459,18811,,C_060,T_442,20230209,"$403,005.81 ","$48,072.83 ",10
460,18897,3,C_073,T_443,20240815,"$5,470,902.57 ","$44,375.00 ",12
461,18904,7,C_117,T_444,20160902,"$559,518.75 ","$39,000.00 ",3
462,19074,3,C_234,T_445,20221214,"$1,046,689.75 ","$37,510.00 ",13
463,19382,3,C_044,T_446,20181011,"$1,272,450.74 ","$32,500.00 ",1
464,19422,6,C_044,T_447,20240928,"$69,791.28 ","$27,250.00 ",1
465,19595,,C_228,T_448,20210601,"$302,884.33 ","$24,000.00 ",2
466,19597,10,C_044,T_449,20180819,"$184,811.62 ","$22,315.70 ",11
467,19968,6,C_117,T_450,20171028,"$464,560.82 ","$21,975.00 ",8
468,20017,7,C_117,T_451,20191116,"$177,780.23 ","$20,836.94 ",4
469,20208,6,C_044,T_452,20221218,"$106,288.65 ","$18,683.42 ",7
470,20415,,C_037,T_453,20150315,"$835,376.43 ","$16,925.00 ",10
471,20516,6,C_037,T_454,20200401,"$60,502.60 ","$17,500.00 ",3
472,20525,6,C_037,T_455,20231002,"$64,112.60 ","$12,799.81 ",8
473,20604,6,C_045,T_456,20200407,"$65,965.06 ","$12,000.00 ",2
474,20813,,C_073,T_457,20230421,"$276,730.92 ","$12,000.00 ",2
475,20908,6,C_075,T_458,20180221,"$145,068.51 ","$11,000.00 ",5
476,20918,5,C_241,T_459,20220111,"$153,062.50 ","$10,250.00 ",2
477,21212,1,C_221,T_460,20200719,"$27,074.40 ","$10,200.00 ",3
478,21221,6,C_117,T_461,20201118,"$211,104.46 ","$11,525.00 ",4
479,21254,5,C_060,T_462,20240704,"$53,526.12 ","$9,000.00 ",3
480,21291,,C_217,T_463,20220227,"$284,845.29 ","$3,251,769.38 ",49
481,21419,6,C_044,T_464,20150123,"$52,978.13 ","$544,085.00 ",14
482,21426,6,C_044,T_465,20221123,"$57,198.20 ","$275,967.00 ",23
483,21427,6,C_044,T_466,20240829,"$60,952.31 ","$259,630.00 ",7
484,21541,5,C_151,T_467,20220131,"$64,140.31 ","$217,569.00 ",10
485,21629,7,C_117,T_468,20220222,"$170,679.58 ","$132,718.55 ",9
486,21705,6,C_117,T_469,20201201,"$79,790.68 ","$107,500.00 ",7
487,21709,6,C_117,T_470,20240804,"$55,970.05 ","$79,500.00 ",4
488,21715,6,C_241,T_471,20190622,"$64,763.40 ","$50,100.00 ",11
489,21718,6,C_241,T_472,20220305,"$66,663.80 ","$22,000.00 ",6
490,21719,6,C_241,T_473,20150422,"$64,763.40 ","$15,000.00 ",1
491,21798,8,C_186,T_474,20240529,"$63,953.84 ","$13,240.19 ",6
492,21943,9,C_165,T_475,20230412,"$67,862.48 ","$10,800.00 ",2
493,21950,3,C_044,T_476,20240419,"$1,211,710.47 ","$7,500.00 ",1
494,22207,3,C_132,T_477,20191115,"$1,882,492.98 ","$5,000.00 ",1
495,22236,6,C_217,T_478,20171017,"$184,411.26 ","$3,307.48 ",9
496,22243,6,C_084,T_479,20220719,"$85,535.96 ","$3,000.00 ",1
497,22244,6,C_084,T_480,20170715,"$65,525.96 ","$1,217.78 ",1
498,22276,5,C_037,T_481,20180518,"$56,250.00 ",$800.00 ,1
499,22550,5,C_186,T_482,20161224,"$117,466.67 ","$1,104,361.96 ",5
500,23446,6,C_045,T_483,20231120,"$53,541.00 ","$300,325.26 ",7
501,23558,5,C_178,T_484,20150204,"$87,636.14 ","$211,777.93 ",5
502,23617,6,C_117,T_485,20160518,"$89,214.80 ","$40,000.00 ",2
503,23618,6,C_117,T_486,20220302,"$200,447.42 ","$26,615.40 ",2
504,23619,6,C_117,T_487,20160108,"$109,714.80 ","$10,000.00 ",1
505,23913,5,C_241,T_488,20230815,"$114,725.00 ","$6,544.40 ",1
506,24832,,C_233,T_489,20160921,"$265,131.40 ",224679,15
507,24979,7,C_117,T_490,20150114,"$242,290.45 ",219906.93,6
508,25030,5,C_084,T_491,20190603,"$77,943.68 ",218550.13,4
509,25039,6,C_117,T_492,20191025,"$146,932.17 ",186422,5
510,25047,4,C_241,T_493,20240126,"$1,873,138.80 ",169171.28,13
511,25047,6,C_241,T_494,20200330,"$80,661.20 ",221121.9,9
512,25121,,C_113,T_495,20190127,"$269,977.50 ",164350,6
513,25335,3,C_121,T_496,20221219,"$4,193,412.69 ",160922.77,197
514,25597,6,C_241,T_497,20170112,"$63,634.48 ",156240.3,3
515,25983,5,C_236,T_498,20180629,"$80,924.07 ",152384,19
516,26512,3,C_044,T_499,20221022,"$1,982,225.70 ",159600,10
517,26513,3,C_044,T_500,20230409,"$2,078,534.86 ",124439.09,7
518,26616,6,C_117,T_501,20201201,"$92,591.20 ",116355.64,10
519,26665,3,C_044,T_502,20150124,"$2,244,012.27 ",105298.45,1
520,26991,6,C_037,T_503,20190906,"$56,726.85 ",102510,65
521,26996,6,C_241,T_504,20200727,"$51,663.14 ",101372.62,13
522,27134,3,C_132,T_505,20201203,"$1,781,891.47 ",88584.27,8
523,27366,4,C_217,T_012,20230627,"$180,755.36 ",88000,92
524,27563,8,C_073,T_013,20241202,"$61,027.02 ",428371.14,124
525,27565,8,C_210,T_014,20211019,"$58,718.69 ",130117.12,2
526,27588,7,C_018,T_015,20201017,"$287,279.50 ",63620.13,11
527,27718,7,C_117,T_016,20190928,"$182,877.42 ",62500,209
528,27814,3,C_176,T_017,20181113,"$609,393.10 ",62500,7
529,27821,8,C_037,T_018,20170919,"$82,724.04 ",59000,26
530,27953,6,C_217,T_019,20171025,"$76,798.88 ",347056.08,504
531,27955,6,C_084,T_014,20210409,"$69,829.77 ",48217.23,7
532,28107,5,C_186,T_015,20210113,"$170,027.04 ",47592,4
533,28142,3,C_186,T_016,20150714,"$1,325,834.13 ",78498.45,168
534,28238,5,C_044,T_017,20230730,"$139,425.79 ",82700,44
535,28333,5,C_233,T_018,20220531,"$210,416.67 ",37194,265
536,28337,5,C_084,T_019,20150318,"$312,987.23 ",104746.67,13
537,28356,6,C_117,T_020,20180525,"$151,828.25 ",34277,53
538,28390,6,C_037,T_021,20220207,"$51,636.85 ",31777.08,247
539,28443,8,C_011,T_022,20170817,"$53,759.68 ",31365,3
540,28465,5,C_117,T_023,20170426,"$58,436.00 ",30438,50
541,28468,5,C_176,T_024,20180418,"$193,860.89 ",680073.68,3
542,28489,,C_241,T_025,20160821,"$391,973.94 ",664126.73,82
543,28556,,C_217,T_026,20180807,"$448,642.48 ",366375.5,10
544,28605,6,C_117,T_027,20171011,"$92,397.81 ",340077.96,3
545,28606,6,C_117,T_002,20200429,"$50,572.68 ",322800,13
546,28607,6,C_117,T_003,20240131,"$70,434.23 ",251280.6,15
547,28734,7,C_044,T_004,20210209,"$566,607.87 ",385728.2,8
548,28735,7,C_044,T_005,20170827,"$379,664.50 ",224963.75,16
549,28739,3,C_044,T_006,20240313,"$830,696.89 ",181088.75,10
550,28954,7,C_117,T_007,20170913,"$526,957.64 ",177829.84,9
551,29096,7,C_044,T_008,20240723,"$271,901.75 ",158853.63,226
552,29438,5,C_241,T_009,20200117,"$52,375.00 ",107996.41,485
553,29441,5,C_241,T_010,20190816,"$284,382.26 ",105104.75,6
554,29443,6,C_241,T_437,20170921,"$64,742.60 ",101776.14,493
555,29444,6,C_241,T_438,20240628,"$64,742.60 ",101258,3
556,29501,7,C_045,T_439,20160908,"$177,478.08 ",98702.56,591
557,29711,,C_241,T_440,20170603,"$389,680.38 ",98195.23,6
558,29757,8,C_037,T_441,20181018,"$55,676.28 ",96000,10
559,29758,5,C_058,T_442,20150627,"$162,017.51 ",751762.88,10
560,29787,5,C_241,T_443,20190313,"$279,875.00 ",82594.1,3
561,29789,5,C_241,T_444,20200319,"$70,216.00 ",72850,29
562,30003,5,C_084,T_445,20190512,"$121,712.50 ",63119.42,18
563,30162,5,C_037,T_446,20170628,"$97,593.92 ",60000,13
564,30167,5,C_010,T_447,20210605,"$82,409.24 ",59316.48,2
565,30451,3,C_011,T_448,20181009,"$6,000,411.96 ",57542.4,10
566,30452,3,C_044,T_449,20200421,"$813,169.73 ",55708.6,9
567,30547,6,C_060,T_450,20191010,"$147,500.00 ",55000,8
568,30561,5,C_088,T_451,20160312,"$94,073.00 ",54259.38,120
569,30622,,C_031,T_452,20180623,"$375,765.04 ",50000,7
570,30684,3,C_044,T_453,20240626,"$1,001,723.80 ",79476.13,29
571,30686,3,C_044,T_454,20220704,"$641,178.98 ",44600,290
572,30782,3,C_176,T_455,20161031,"$770,563.75 ",312500,143
573,30870,5,C_044,T_456,20241008,"$296,734.75 ",42877.35,6
574,30871,5,C_044,T_457,20150906,"$293,345.18 ",39200,9
575,31001,,C_075,T_458,20171011,"$333,711.15 ",35500,1296
576,31016,7,C_117,T_459,20210530,"$348,691.73 ",34508.75,18
577,31156,8,C_117,T_460,20190411,"$70,298.68 ",62885,109
578,31327,9,C_117,T_361,20201023,"$135,217.79 ",26000,274
579,31594,,C_068,T_362,20220303,"$506,010.74 ",25135.74,396
580,31831,6,C_044,T_363,20210223,"$50,549.34 ",22312.06,7
581,31919,8,C_073,T_364,20220610,"$77,723.50 ",22000,7
582,32000,8,C_117,T_365,20150612,"$331,108.68 ",22541.11,8
583,32098,8,C_037,T_366,20160114,"$62,069.85 ",483601.94,46
584,32172,8,C_117,T_367,20180826,"$138,012.28 ",321122.23,6
585,32174,8,C_117,T_368,20210508,"$83,235.77 ",204174.42,3
586,32352,5,C_084,T_369,20190421,"$227,550.00 ",125255.28,8
587,32353,5,C_100,T_370,20220619,"$54,812.00 ",68900,6
588,32359,5,C_241,T_371,20210902,"$91,550.00 ",48072.83,6
589,32363,5,C_037,T_372,20150127,"$110,925.00 ",44375,2
590,32430,8,C_044,T_373,20160208,"$83,845.32 ",39000,109
591,32505,6,C_117,T_374,20200323,"$57,792.00 ",37510,39
592,32846,9,C_117,T_375,20160901,"$153,763.01 ",32500,44
593,32847,8,C_117,T_376,20161103,"$85,804.45 ",27250,144
594,32848,8,C_117,T_377,20231102,"$157,268.25 ",24000,30
595,33381,5,C_044,T_378,20201204,"$74,382.47 ",22315.7,29
596,33382,5,C_117,T_379,20190628,"$133,715.00 ",21975,6
597,33385,6,C_011,T_380,20220111,"$57,228.00 ",20836.94,196
598,33561,3,C_044,T_381,20210206,"$1,848,849.88 ",18683.42,59
599,33663,5,C_100,T_382,20190314,"$81,932.00 ",16925,44
600,33858,5,C_084,T_383,20190506,"$76,346.78 ",17500,1
601,33998,8,C_117,T_384,20190330,"$72,886.36 ",12799.81,118
602,34117,8,C_117,T_385,20190614,"$267,391.59 ",12000,5
603,34118,8,C_117,T_386,20161001,"$73,478.37 ",12000,411
604,34123,8,C_117,T_387,20240325,"$208,453.84 ",11000,196
605,34125,8,C_117,T_388,20180616,"$54,037.27 ",10250,164
606,34131,8,C_117,T_389,20220701,"$86,293.32 ",10200,154
607,34132,8,C_117,T_390,20150429,"$149,547.30 ",11525,178
608,34133,8,C_117,T_391,20160309,"$176,385.68 ",9000,131
609,34159,8,C_117,T_392,20180529,"$151,472.42 ",3251769.38,392
610,34175,8,C_241,T_393,20220517,"$164,363.81 ",544085,451
611,34362,7,C_044,T_394,20200301,"$682,248.64 ",275967,218
612,34363,7,C_044,T_395,20240426,"$548,235.82 ",259630,195
613,34401,8,C_075,T_396,20171128,"$90,439.44 ",217569,628
614,34701,8,C_117,T_397,20160329,"$168,959.28 ",132718.55,467
615,34712,8,C_117,T_398,20151006,"$81,363.59 ",107500,690
616,35048,9,C_060,T_399,20240524,"$47,090.00 ",79500,145
617,35077,,C_186,T_400,20230129,"$273,117.72 ",50100,414
618,35121,8,C_241,T_401,20210227,"$312,948.02 ",22000,77
619,35349,8,C_117,T_402,20200923,"$74,902.37 ",15000,239
620,35351,8,C_117,T_403,20180125,"$272,689.65 ",13240.19,112
621,35356,8,C_025,T_404,20230330,"$61,460.24 ",10800,488
622,35378,,C_113,T_405,20171202,"$273,784.13 ",7500,186
623,35563,8,C_241,T_406,20181005,"$314,548.25 ",5000,142
624,35958,5,C_075,T_407,20230711,"$121,255.92 ",3307.48,96
625,36696,1,C_221,T_408,20201004,"$55,685.67 ",3000,98
626,36781,8,C_073,T_409,20190526,"$77,014.11 ",1217.78,24
627,36791,8,C_117,T_410,20150511,"$75,756.09 ",800,25
628,36795,8,C_241,T_411,20230921,"$55,453.17 ",1104361.96,74
629,36818,5,C_241,T_412,20151016,"$73,575.00 ",300325.26,65
630,36882,8,C_117,T_413,20210422,"$53,293.70 ",211777.93,101
631,36883,8,C_117,T_414,20190315,"$319,657.20 ",40000,269
632,36884,8,C_117,T_415,20181031,"$67,246.48 ",26615.4,445
633,36889,8,C_117,T_416,20170803,"$78,144.21 ",10000,264
634,36891,8,C_117,T_417,20210310,"$113,666.44 ",6544.4,109
635,37062,5,C_037,T_418,20181213,"$77,433.33 ",224679,10
636,37063,5,C_045,T_419,20220721,"$89,250.00 ",219906.93,23
637,37259,1,C_221,T_420,20210716,"$122,693.28 ",218550.13,397
638,37261,1,C_221,T_421,20151207,"$131,425.77 ",186422,112
639,37322,8,C_117,T_422,20150912,"$88,443.76 ",169171.28,46
640,37325,8,C_117,T_423,20170602,"$222,400.43 ",221121.9,96
641,37330,8,C_117,T_424,20190210,"$55,538.23 ",164350,91
642,37331,8,C_117,T_425,20160126,"$94,244.74 ",160922.77,254
643,37332,8,C_117,T_426,20200910,"$197,480.74 ",156240.3,77
644,37341,8,C_117,T_427,20200722,"$131,615.34 ",152384,25
645,37385,8,C_117,T_428,20150226,"$167,420.62 ",159600,58
646,37389,8,C_117,T_429,20210328,"$188,479.09 ",124439.09,80
647,37395,8,C_117,T_430,20230507,"$66,165.46 ",116355.64,190
648,37493,8,C_117,T_431,20231027,"$86,277.60 ",105298.45,289
649,37497,8,C_117,T_432,20220412,"$91,158.55 ",102510,94
650,37501,8,C_117,T_433,20240212,"$164,396.18 ",101372.62,38
651,37502,8,C_117,T_434,20190705,"$128,681.89 ",88584.27,49
652,37635,8,C_117,T_435,20180802,"$297,730.97 ",88000,174
653,37636,8,C_117,T_436,20240303,"$297,730.97 ",428371.14,125
654,37637,8,C_117,T_437,20210216,"$157,907.63 ",130117.12,147
655,37638,8,C_117,T_438,20230405,"$54,290.66 ",63620.13,99
656,37699,7,C_044,T_439,20161208,"$180,858.29 ",62500,51
657,37918,7,C_117,T_440,20180906,"$176,983.88 ",62500,46
658,37996,8,C_217,T_441,20200404,"$81,812.25 ",59000,102
659,38125,4,C_241,T_442,20211002,"$594,850.00 ",347056.08,169
660,38403,5,C_037,T_443,20180724,"$102,887.50 ",48217.23,170
661,38456,,C_031,T_444,20210511,"$260,987.54 ",47592,79
662,38798,5,C_044,T_445,20240627,"$51,231.70 ",78498.45,23
663,38902,6,C_117,T_446,20240727,"$84,500.00 ",82700,49
664,38995,8,C_117,T_447,20160119,"$61,950.86 ",37194,129
665,39166,7,C_117,T_448,20241216,"$538,444.86 ",104746.67,89
666,39487,5,C_165,T_449,20190317,"$341,931.16 ",34277,198
667,39608,,C_113,T_450,20190617,"$275,404.13 ",31777.08,59
668,39790,8,C_117,T_451,20160730,"$91,413.27 ",31365,64
669,39792,8,C_117,T_452,20190314,"$68,984.11 ",30438,102
670,39822,9,C_044,T_453,20240306,"$55,099.91 ",680073.68,64
671,39850,5,C_151,T_454,20241002,"$78,375.00 ",664126.73,18
672,39983,5,C_228,T_455,20151205,"$155,778.27 ",366375.5,84
673,39996,8,C_112,T_456,20150501,"$164,025.25 ",340077.96,58
674,40001,9,C_037,T_457,20160601,"$58,295.94 ",322800,23
675,40107,8,C_117,T_458,20201221,"$110,435.01 ",251280.6,31
676,40108,8,C_117,T_459,20230125,"$77,756.89 ",385728.2,39
677,40110,8,C_117,T_460,20170913,"$157,289.90 ",224963.75,52
678,40261,8,C_117,T_461,20200526,"$327,424.24 ",181088.75,42
679,40385,8,C_117,T_462,20241012,"$156,207.98 ",177829.84,136
680,40620,3,C_108,T_463,20220223,"$83,532.82 ",158853.63,42
681,41044,7,C_044,T_464,20170822,"$268,282.03 ",107996.41,72
682,41209,7,C_117,T_465,20240202,"$170,911.34 ",105104.75,68
683,41249,9,C_186,T_466,20240507,"$58,458.75 ",101776.14,39
684,41259,9,C_086,T_467,20150419,"$126,204.51 ",101258,7
685,41414,7,C_044,T_468,20150920,"$265,601.98 ",98702.56,28
686,41753,5,C_037,T_469,20170902,"$151,117.20 ",98195.23,44
687,42209,8,C_044,T_470,20181119,"$59,154.54 ",96000,63
688,42667,8,C_117,T_471,20241125,"$159,757.11 ",751762.88,76
689,42669,8,C_117,T_472,20170104,"$78,260.01 ",82594.1,96
690,42786,8,C_117,T_473,20180630,"$163,336.40 ",72850,255
691,42796,8,C_117,T_474,20180929,"$111,871.29 ",63119.42,275
692,42876,9,C_037,T_475,20191011,"$81,360.50 ",60000,24
693,42891,8,C_117,T_476,20231208,"$104,074.27 ",59316.48,19
694,42893,8,C_117,T_477,20230504,"$54,215.94 ",57542.4,9
695,42942,8,C_117,T_478,20160111,"$107,535.84 ",55708.6,17
696,43043,5,C_241,T_479,20200114,"$48,550.00 ",55000,175
697,43167,8,C_117,T_480,20160304,"$82,032.82 ",54259.38,11
698,43752,9,C_117,T_481,20180617,"$74,885.91 ",50000,10
699,43754,9,C_117,T_482,20150213,"$70,101.26 ",79476.13,20
700,43755,9,C_117,T_483,20200324,"$610,486.16 ",44600,35
701,43782,5,C_044,T_484,20240409,"$125,458.59 ",312500,20
702,43794,5,C_044,T_485,20170919,"$89,346.12 ",42877.35,172
703,43797,9,C_075,T_486,20160401,"$74,811.76 ",39200,10
704,43800,9,C_241,T_487,20210701,"$82,233.44 ",35500,15
705,43801,9,C_176,T_488,20190810,"$131,989.19 ",34508.75,47
706,43805,9,C_241,T_489,20200206,"$103,739.58 ",62885,20
707,43806,9,C_037,T_490,20150710,"$159,650.52 ",26000,7
708,43807,9,C_073,T_491,20151211,"$242,483.15 ",25135.74,17
709,43808,9,C_073,T_492,20151211,"$341,362.75 ",22312.06,14
710,43809,9,C_073,T_493,20211228,"$156,140.25 ",22000,51
711,43810,9,C_217,T_494,20231214,"$62,654.51 ",22541.11,5
712,43816,1,C_165,T_495,20150319,"$282,450.25 ",483601.94,161
713,43849,9,C_117,T_496,20180906,"$585,598.46 ",321122.23,125
714,43862,9,C_217,T_497,20161007,"$344,350.25 ",204174.42,2
715,44114,3,C_044,T_498,20200709,"$594,922.51 ",125255.28,3
716,44173,8,C_236,T_499,20230420,"$96,906.13 ",68900,68
717,44303,4,C_018,T_500,20201022,"$179,596.30 ",48072.83,55
718,44865,9,C_186,T_501,20190320,"$104,675.00 ",44375,65
719,45403,9,C_117,T_502,20180720,"$59,165.88 ",39000,8
720,45408,9,C_117,T_503,20210721,"$75,125.32 ",37510,28
721,45412,9,C_117,T_504,20180525,"$125,722.18 ",32500,17
722,45584,9,C_044,T_505,20150120,"$163,976.97 ",27250,65
723,45586,9,C_044,T_200,20190913,"$181,549.66 ",24000,25
724,45682,9,C_117,T_201,20181021,"$48,503.23 ",22315.7,71
725,45687,9,C_117,T_202,20211007,"$141,342.32 ",21975,14
726,45733,9,C_044,T_203,20170429,"$205,477.15 ",20836.94,81
727,45830,5,C_112,T_204,20180614,"$84,196.00 ",18683.42,5
728,45851,5,C_044,T_205,20240410,"$238,010.00 ",16925,114
729,45853,1,C_165,T_206,20240910,"$230,595.65 ",17500,23
730,45855,1,C_151,T_207,20150501,"$229,095.65 ",12799.81,16
731,46761,9,C_117,T_208,20160115,"$102,114.43 ",12000,9
732,46776,9,C_117,T_209,20161119,"$136,120.04 ",12000,24
733,46828,8,C_117,T_210,20231031,"$322,184.16 ",11000,14
734,46854,5,C_037,T_211,20210304,"$63,000.00 ",10250,8
735,47080,5,C_112,T_212,20171104,"$238,550.00 ",10200,9
736,47123,8,C_241,T_213,20191003,"$69,918.09 ",11525,29
737,47151,9,C_117,T_214,20240614,"$56,496.70 ",9000,5
738,47221,8,C_117,T_215,20200603,"$186,382.30 ",3251769.38,112
739,47237,8,C_117,T_216,20160527,"$90,485.05 ",544085,31
740,47413,9,C_044,T_217,20150303,"$179,906.29 ",275967,22
741,47416,9,C_044,T_218,20210613,"$112,482.56 ",259630,4
742,47489,9,C_186,T_219,20230308,"$104,671.25 ",217569,61
743,47491,3,C_107,T_220,20220322,"$133,114.01 ",132718.55,26
744,47492,3,C_127,T_221,20170503,"$94,926.51 ",107500,98
745,47493,9,C_236,T_222,20240328,"$134,614.01 ",79500,7
746,47494,9,C_060,T_223,20180330,"$61,350.00 ",50100,24
747,47728,5,C_075,T_224,20220203,"$83,373.91 ",22000,8
748,48122,9,C_044,T_225,20200116,"$56,537.65 ",15000,33
749,48124,9,C_044,T_226,20150409,"$58,381.60 ",13240.19,45
750,48125,9,C_044,T_227,20200414,"$57,157.65 ",10800,27
751,48134,9,C_044,T_228,20171122,"$58,710.01 ",7500,37
752,48307,9,C_241,T_229,20180711,"$84,148.44 ",5000,22
753,48322,9,C_117,T_230,20151018,"$703,953.94 ",3307.48,4
754,48323,9,C_117,T_231,20210606,"$127,042.27 ",3000,17
755,48377,9,C_075,T_232,20151007,"$71,349.20 ",1217.78,5
756,48695,9,C_060,T_233,20170117,"$66,517.50 ",800,62
757,48868,9,C_241,T_234,20150116,"$93,098.00 ",1104361.96,44
758,48874,9,C_236,T_235,20200819,"$49,287.50 ",300325.26,31
759,48875,9,C_241,T_236,20191002,"$53,388.44 ",211777.93,335
760,48882,9,C_241,T_237,20160202,"$86,853.44 ",40000,1
761,48931,9,C_186,T_238,20191029,"$106,225.00 ",26615.4,24
762,48935,9,C_084,T_239,20201014,"$49,761.30 ",10000,104
763,48938,9,C_084,T_240,20220105,"$49,471.55 ",6544.4,115
764,49029,,C_245,T_241,20180124,"$232,167.42 ",224679,9
765,49144,9,C_044,T_242,20200113,"$63,636.03 ",219906.93,3
766,49164,5,C_109,T_243,20161007,"$49,300.00 ",218550.13,18
767,49179,5,C_075,T_244,20210319,"$65,702.33 ",186422,2
768,49455,9,C_117,T_245,20150731,"$98,090.70 ",169171.28,4
769,49460,9,C_117,T_246,20231108,"$50,137.37 ",221121.9,22
770,49559,4,C_006,T_247,20210528,"$414,258.40 ",164350,3
771,49561,4,C_075,T_248,20210705,"$229,464.98 ",160922.77,20
772,49566,4,C_075,T_249,20201231,"$850,264.02 ",156240.3,348
773,49578,4,C_075,T_250,20240820,"$137,954.00 ",152384,191
774,49801,9,C_044,T_251,20200118,"$78,178.80 ",159600,2
775,49802,9,C_044,T_252,20170411,"$78,178.80 ",124439.09,91
776,49806,9,C_044,T_253,20150201,"$64,304.93 ",116355.64,3
777,49822,4,C_241,T_254,20240531,"$437,975.00 ",105298.45,9
778,49841,4,C_075,T_255,20161122,"$144,507.88 ",102510,10
779,49845,4,C_075,T_256,20210515,"$152,619.67 ",101372.62,5
780,49868,4,C_006,T_257,20211216,"$285,707.09 ",88584.27,2
781,49923,4,C_241,T_258,20160109,"$310,008.33 ",88000,2
782,49925,4,C_241,T_259,20200804,"$324,900.00 ",428371.14,2
783,49926,4,C_241,T_260,20160706,"$341,066.67 ",130117.12,61
784,50050,9,C_241,T_261,20240727,"$130,989.58 ",63620.13,12
785,50052,9,C_056,T_262,20230722,"$77,092.86 ",62500,3
786,50102,9,C_241,T_263,20240202,"$47,078.32 ",62500,66
787,50167,9,C_241,T_264,20200912,"$51,048.44 ",59000,23
788,50319,8,C_117,T_265,20161219,"$308,901.19 ",347056.08,5
789,50325,8,C_117,T_266,20240112,"$82,630.10 ",48217.23,3
790,50327,8,C_117,T_267,20200523,"$108,240.14 ",47592,84
791,50329,8,C_117,T_268,20221223,"$159,911.85 ",78498.45,96
792,50364,9,C_117,T_269,20220709,"$67,744.43 ",82700,5
793,50402,9,C_117,T_270,20221117,"$104,576.90 ",37194,17
794,50405,9,C_117,T_271,20210109,"$101,243.57 ",104746.67,5
795,50410,9,C_117,T_272,20180505,"$64,255.11 ",34277,8
796,50421,4,C_236,T_273,20200410,"$673,154.23 ",31777.08,11
797,50422,3,C_123,T_274,20241225,"$269,887.84 ",31365,1
798,50877,5,C_112,T_275,20190629,"$76,675.00 ",30438,46
799,50884,5,C_045,T_276,20190722,"$86,250.00 ",680073.68,8
800,51125,9,C_037,T_277,20180413,"$113,573.00 ",664126.73,4
801,51402,9,C_205,T_278,20240102,"$58,725.83 ",366375.5,6
802,51535,4,C_117,T_279,20200512,"$147,050.00 ",340077.96,3
803,51578,4,C_037,T_280,20201231,"$1,186,189.75 ",322800,1
804,51579,4,C_241,T_281,20200404,"$417,366.67 ",251280.6,3
805,51581,4,C_241,T_282,20241031,"$139,866.67 ",385728.2,25
806,51592,4,C_084,T_283,20151121,"$197,139.97 ",224963.75,6
807,51593,4,C_034,T_284,20231005,"$188,358.03 ",181088.75,129
808,51594,4,C_060,T_285,20200602,"$210,575.84 ",177829.84,1
809,51611,8,C_151,T_286,20190110,"$775,574.81 ",158853.63,3
810,51618,4,C_241,T_287,20231014,"$255,546.92 ",107996.41,13
811,51619,4,C_241,T_288,20220829,"$172,583.33 ",105104.75,3
812,51774,9,C_228,T_289,20160512,"$85,243.75 ",101776.14,1
813,51883,4,C_241,T_290,20201105,"$1,126,345.35 ",101258,1
814,51884,4,C_241,T_291,20150608,"$243,025.00 ",98702.56,95
815,51885,4,C_241,T_292,20190523,"$991,583.20 ",98195.23,58
816,51908,4,C_186,T_293,20240120,"$193,787.59 ",96000,104
817,51909,8,C_165,T_294,20150608,"$207,201.06 ",751762.88,71
818,51924,8,C_151,T_295,20181101,"$205,008.33 ",82594.1,76
819,51936,4,C_241,T_296,20210611,"$615,626.39 ",72850,79
820,51940,4,C_241,T_297,20240430,"$1,109,880.47 ",63119.42,75
821,51948,4,C_100,T_298,20201216,"$1,200,043.07 ",60000,67
822,51973,4,C_037,T_299,20180713,"$158,350.00 ",59316.48,111
823,52283,4,C_241,T_300,20201016,"$150,900.00 ",57542.4,83
824,52287,4,C_186,T_301,20150903,"$172,779.70 ",55708.6,79
825,52321,4,C_241,T_302,20211002,"$506,099.73 ",55000,60
826,52428,4,C_241,T_303,20230712,"$437,369.11 ",54259.38,128
827,52429,4,C_241,T_304,20200915,"$315,616.67 ",50000,51
828,52467,4,C_206,T_305,20190326,"$167,697.53 ",79476.13,40
829,52500,8,C_117,T_306,20240312,"$64,783.08 ",44600,74
830,53744,4,C_241,T_307,20170505,"$250,938.56 ",312500,47
831,53745,4,C_037,T_308,20161208,"$174,733.33 ",42877.35,39
832,53797,9,C_044,T_309,20230513,"$119,560.82 ",39200,95
833,53970,1,C_045,T_310,20180515,"$42,482.43 ",35500,45
834,53971,1,C_045,T_311,20170905,"$42,482.43 ",34508.75,30
835,53972,1,C_045,T_312,20210714,"$42,482.43 ",62885,42
836,53973,1,C_045,T_313,20160129,"$42,482.43 ",26000,37
837,53974,1,C_045,T_314,20160805,"$42,482.43 ",25135.74,50
838,53975,1,C_045,T_315,20191101,"$33,333.33 ",22312.06,39
839,53976,1,C_205,T_316,20210407,"$34,811.67 ",22000,33
840,53977,1,C_205,T_317,20230214,"$152,734.63 ",22541.11,30
841,53981,1,C_205,T_318,20151004,"$143,598.03 ",483601.94,78
842,53986,1,C_205,T_319,20220824,"$131,670.38 ",321122.23,19
843,53995,1,C_117,T_320,20220329,"$111,582.45 ",204174.42,17
844,53996,1,C_117,T_321,20230831,"$117,894.70 ",125255.28,22
845,53997,1,C_117,T_322,20201027,"$71,604.67 ",68900,19
846,53998,1,C_117,T_323,20230520,"$122,650.01 ",48072.83,36
847,53999,1,C_117,T_324,20190807,"$111,710.36 ",44375,14
848,54011,1,C_221,T_325,20180820,"$44,916.44 ",39000,44
849,54012,1,C_221,T_326,20171114,"$41,144.36 ",37510,21
850,54013,1,C_045,T_327,20191016,"$115,644.94 ",32500,24
851,54014,1,C_045,T_328,20160818,"$125,644.94 ",27250,18
852,54015,1,C_045,T_329,20240625,"$110,644.94 ",24000,24
853,54016,1,C_045,T_330,20190927,"$110,644.94 ",22315.7,16
854,54030,1,C_241,T_331,20220316,"$34,190.60 ",21975,18
855,54034,1,C_221,T_332,20191215,"$52,118.54 ",20836.94,18
856,54450,1,C_221,T_333,20240223,"$28,083.35 ",18683.42,19
857,54454,1,C_221,T_334,20170321,"$74,492.23 ",16925,24
858,54458,1,C_221,T_335,20210314,"$86,881.37 ",17500,27
859,54656,8,C_165,T_336,20231130,"$1,536,845.69 ",12799.81,54
860,54842,4,C_241,T_337,20151216,"$215,391.67 ",12000,67
861,55138,4,C_012,T_338,20170711,"$326,176.94 ",12000,52
862,55139,8,C_151,T_339,20221224,"$1,213,576.66 ",11000,49
863,55243,4,C_018,T_340,20160703,"$172,385.27 ",10250,33
864,55316,9,C_044,T_341,20150908,"$86,922.90 ",10200,50
865,55685,9,C_044,T_342,20221202,"$50,678.60 ",11525,36
866,55703,8,C_117,T_343,20200324,"$74,175.89 ",9000,41
867,55949,4,C_241,T_344,20190820,"$345,750.00 ",3251769.38,13
868,55994,4,C_241,T_345,20180503,"$350,238.80 ",544085,13
869,56301,4,C_217,T_346,20190925,"$159,160.84 ",275967,9
870,56302,4,C_217,T_347,20180914,"$174,439.58 ",259630,25
871,56483,4,C_241,T_348,20220917,"$3,141,395.05 ",217569,15
872,56684,9,C_241,T_349,20240416,"$81,023.44 ",132718.55,22
873,56720,9,C_117,T_350,20181223,"$591,248.41 ",107500,28
874,56731,7,C_044,T_351,20201222,"$173,098.69 ",79500,17
875,56863,4,C_075,T_352,20240208,"$474,562.23 ",50100,20
876,56925,4,C_186,T_353,20210814,"$189,482.52 ",22000,10
877,56973,9,C_044,T_354,20180313,"$48,617.50 ",15000,12
878,57034,4,C_236,T_355,20210609,"$134,800.00 ",13240.19,15
879,57084,4,C_073,T_356,20161110,"$178,610.00 ",10800,9
880,57262,8,C_117,T_357,20230728,"$104,737.26 ",7500,24
881,57401,9,C_186,T_358,20180831,"$78,800.00 ",5000,2
882,57463,4,C_012,T_359,20160819,"$492,271.94 ",3307.48,12
883,57599,4,C_241,T_360,20230204,"$250,525.00 ",3000,5
884,57610,4,C_037,T_361,20190601,"$160,410.62 ",1217.78,8
885,57614,4,C_241,T_362,20240306,"$468,099.99 ",800,17
886,57617,4,C_241,T_363,20230131,"$360,841.67 ",1104361.96,9
887,59528,4,C_012,T_364,20180913,"$1,923,774.23 ",300325.26,18
888,59915,7,C_117,T_365,20170106,"$174,361.72 ",211777.93,5
889,59916,7,C_117,T_366,20180119,"$177,331.43 ",40000,4
890,60103,9,C_117,T_367,20200423,"$100,930.84 ",26615.4,15
891,60412,1,C_044,T_368,20221129,"$58,160.23 ",10000,10
892,60413,1,C_044,T_369,20240706,"$58,160.23 ",6544.4,8
893,60414,1,C_044,T_370,20210810,"$58,160.23 ",166760.45,11
894,60415,1,C_044,T_371,20240521,"$58,160.23 ",254446.66,34
895,60416,1,C_044,T_372,20191004,"$58,160.23 ",146030.98,9
896,60417,1,C_044,T_373,20200821,"$133,558.02 ",155987.69,5
897,60418,1,C_044,T_374,20150924,"$133,558.02 ",144519.35,16
898,60420,1,C_044,T_375,20200415,"$108,311.67 ",140221.04,8
899,60430,1,C_044,T_376,20241003,"$27,580.07 ",137179.5,9
900,60434,1,C_044,T_377,20160206,"$89,669.63 ",132489.54,1
901,60436,1,C_117,T_378,20240513,"$28,816.00 ",123835.6,1
902,60437,1,C_117,T_379,20240926,"$35,049.38 ",117300,4
903,60438,1,C_117,T_380,20231121,"$31,489.38 ",103339.02,63
904,60439,1,C_117,T_381,20151026,"$29,676.00 ",102568.14,7
905,60450,1,C_045,T_382,20200624,"$113,262.70 ",377439.16,16
906,60451,1,C_205,T_383,20220417,"$133,380.96 ",96885.12,20
907,60452,1,C_205,T_384,20190416,"$122,860.21 ",97062.13,14
908,60453,1,C_221,T_385,20170426,"$45,995.54 ",93354.62,2
909,60454,1,C_221,T_386,20220316,"$90,798.66 ",92854.77,13
910,60455,1,C_221,T_387,20150301,"$61,228.35 ",92840.1,8
911,60456,1,C_221,T_388,20151018,"$57,378.78 ",88000,13
912,60462,1,C_045,T_389,20160330,"$33,892.33 ",87185.26,9
913,60463,1,C_045,T_390,20191127,"$38,892.33 ",86874,6
914,60464,1,C_045,T_391,20200727,"$33,892.33 ",86488.02,28
915,60466,1,C_044,T_392,20180117,"$86,666.67 ",86007.46,23
916,60467,1,C_044,T_393,20230425,"$465,685.85 ",9739247.35,9
917,60468,1,C_044,T_394,20231019,"$66,666.67 ",9066946.69,13
918,60485,1,C_044,T_395,20150702,"$399,019.18 ",4438715.42,9
919,60565,1,C_044,T_396,20220515,"$416,162.04 ",3885246.08,3
920,60570,1,C_044,T_397,20240813,"$36,171.67 ",3704903.32,12
921,60571,1,C_044,T_398,20190220,"$36,171.67 ",2234647.17,14
922,60572,1,C_044,T_399,20170210,"$36,171.67 ",1666943.43,12
923,60573,1,C_044,T_400,20150719,"$36,171.67 ",1366548.6,10
924,60945,4,C_217,T_401,20231226,"$172,400.00 ",1274656.35,13
925,60950,3,C_127,T_402,20201105,"$139,936.26 ",635451.91,8
926,61171,8,C_165,T_403,20241101,"$271,316.73 ",544089.37,13
927,61233,4,C_075,T_404,20190409,"$187,095.73 ",500124,5
928,61243,4,C_236,T_405,20231101,"$496,429.32 ",491431.75,4
929,61277,4,C_241,T_406,20170818,"$221,752.32 ",399432.59,6
930,61315,9,C_241,T_407,20190405,"$127,694.75 ",335161,9
931,61319,9,C_241,T_408,20240924,"$63,736.69 ",303807.43,5
932,61414,4,C_236,T_409,20171024,"$215,605.00 ",298218.19,14
933,61463,5,C_044,T_410,20231010,"$131,560.00 ",285198.43,11
934,61464,5,C_044,T_411,20170920,"$68,162.50 ",284938.05,8
935,61626,4,C_241,T_412,20161213,"$159,833.35 ",281033,10
936,61769,4,C_241,T_413,20220617,"$381,283.32 ",258600,1
937,61776,4,C_241,T_414,20180207,"$153,868.98 ",256201.55,11
938,61777,4,C_241,T_415,20221013,"$182,950.00 ",224679,2
939,61896,4,C_010,T_416,20230919,"$1,021,000.00 ",219906.93,7
940,61948,4,C_241,T_417,20241016,"$1,349,767.32 ",218550.13,4
941,62071,4,C_060,T_418,20210805,"$136,810.00 ",186422,5
942,62105,4,C_241,T_419,20200711,"$250,968.08 ",169171.28,2
943,62314,4,C_217,T_420,20180407,"$715,350.00 ",221121.9,10
944,62624,4,C_217,T_421,20160601,"$136,820.00 ",164350,3
945,62951,4,C_241,T_422,20211011,"$608,416.68 ",160922.77,4
946,62999,4,C_084,T_423,20160329,"$195,617.67 ",156240.3,8
947,63544,4,C_084,T_424,20200103,"$188,212.42 ",152384,4
948,63566,9,C_221,T_425,20200605,"$47,602.61 ",159600,4
949,63746,4,C_241,T_426,20160515,"$482,850.00 ",124439.09,5
950,64190,4,C_084,T_427,20200716,"$135,928.06 ",116355.64,17
951,64298,4,C_241,T_428,20241215,"$229,850.77 ",105298.45,3
952,65087,4,C_241,T_429,20210618,"$141,158.34 ",102510,9
953,65114,4,C_037,T_430,20190509,"$341,250.00 ",101372.62,9
954,65115,4,C_018,T_431,20161018,"$341,250.00 ",88584.27,1
955,65116,4,C_060,T_432,20150211,"$341,250.00 ",88000,6
956,65470,4,C_241,T_433,20160907,"$143,908.34 ",428371.14,43
957,65746,4,C_037,T_434,20231109,"$228,500.00 ",130117.12,9
958,66526,9,C_044,T_435,20190103,"$62,114.15 ",63620.13,30
959,66527,9,C_044,T_436,20240926,"$62,114.15 ",62500,9
960,66611,8,C_165,T_437,20190923,"$176,803.33 ",62500,4
961,66881,9,C_011,T_438,20241106,"$79,049.82 ",59000,10
962,67334,4,C_236,T_439,20191226,"$1,331,128.07 ",347056.08,12
963,68648,1,C_221,T_440,20210603,"$56,270.18 ",48217.23,3
964,68651,1,C_221,T_441,20200115,"$118,657.27 ",47592,13
965,69544,9,C_044,T_442,20150217,"$64,373.86 ",78498.45,1
966,69545,9,C_044,T_443,20210105,"$67,742.92 ",82700,1
967,69546,9,C_044,T_444,20191001,"$67,742.92 ",37194,2
968,69547,9,C_044,T_445,20190317,"$67,742.92 ",104746.67,11
969,69659,1,C_221,T_446,20190411,"$46,641.10 ",34277,8
970,69797,1,C_044,T_447,20181111,"$24,171.67 ",31777.08,4
971,70307,1,C_044,T_448,20200501,"$65,922.73 ",31365,7
972,70308,1,C_044,T_449,20190831,"$65,922.73 ",30438,10
973,70309,1,C_044,T_450,20180711,"$65,922.73 ",680073.68,3
974,70310,1,C_044,T_451,20201007,"$65,922.73 ",664126.73,8
975,70311,1,C_044,T_452,20210517,"$65,922.73 ",366375.5,2
976,70312,1,C_044,T_453,20200418,"$65,922.73 ",340077.96,2
977,70313,1,C_044,T_454,20160418,"$65,922.73 ",322800,5
978,70314,1,C_044,T_455,20190407,"$65,922.73 ",251280.6,2
979,70315,1,C_044,T_456,20231117,"$65,922.73 ",385728.2,3
980,70316,1,C_044,T_457,20161108,"$65,922.73 ",224963.75,4
981,70317,1,C_044,T_458,20210709,"$65,922.73 ",181088.75,3
982,70343,1,C_045,T_459,20220614,"$26,645.00 ",177829.84,49
983,70610,1,C_044,T_460,20231205,"$399,019.18 ",158853.63,14
984,70611,1,C_044,T_461,20170522,"$399,019.18 ",107996.41,23
985,70622,1,C_044,T_462,20150506,"$46,891.35 ",105104.75,7
986,71040,5,C_236,T_463,20170811,"$67,950.00 ",101776.14,10
987,73839,9,C_044,T_464,20181222,"$105,935.34 ",101258,9
988,74025,9,C_117,T_465,20210630,"$67,687.33 ",98702.56,7
989,75020,1,C_221,T_466,20240826,"$40,376.87 ",98195.23,4
990,78046,1,C_044,T_467,20240526,"$43,264.58 ",96000,11
991,78151,1,C_132,T_468,20180201,"$28,860.00 ",751762.88,6
992,78152,1,C_044,T_469,20190222,"$26,695.50 ",82594.1,1
993,78285,1,C_221,T_470,20150308,"$58,200.95 ",72850,6
994,79579,1,C_221,T_471,20170825,"$44,591.96 ",63119.42,2
995,79580,1,C_221,T_472,20201002,"$46,258.63 ",60000,1
996,80697,4,C_060,T_473,20201122,"$188,090.00 ",59316.48,1
997,80698,4,C_206,T_474,20160428,"$200,130.00 ",57542.4,9
998,83083,1,C_045,T_475,20171124,"$26,666.67 ",55708.6,1
999,83084,1,C_045,T_476,20210823,"$26,666.67 ",55000,1
1000,83085,1,C_045,T_477,20160406,"$26,666.67 ",54259.38,1
